unique_id,rmortTB,fchild,fadult,felderly,vchild,vadult,velderly,rchild,radult,relderly,pchild,padult,pelderly,ds_n,dr_n,dr_nelderly,ds_nelderly,omega,CDRscale,CDRscaleE,uiscaleC,uiscaleA,uiscaleE,DS_neta,DR_neta,x,e,xi
8fa63552d6bc72cdee1ded9b58879844,0.129418288506567,0.11750138297514,0.722667903723196,0.467253633143008,0.000287674379542,0.000268993505388,0.00759755246409,0.010557161349198,0.009585417139856,0.023547895030352,0.013725330872461,0.126162195788323,0.274063965086638,0.177071931351675,0.177034406579099,0.14873988126032,0.124711451386334,0.012068003378511,0.77878903006291,-0.075506522090714,-0.486500987441289,-0.606381304304636,-0.338942893443537,0.985881684115168,2.23244767189025,0.277828481341899,0.572939814595506,0.008934533878388
a26d21120cc6505db9998a1b1303983e,0.133821491655148,0.115615530517883,0.725716732598376,0.465144389956444,0.000287093354468,0.000269241320535,0.007873735224269,0.010539161149133,0.009565021147067,0.023192508820538,0.013849125684705,0.126262325127422,0.274101173376291,0.176140516683227,0.178909690224798,0.149229806346353,0.126230628688353,0.011944430620004,0.783981095071015,-0.079031692549316,-0.503295416916479,-0.593761776315271,-0.333704410359907,1.00633485801519,2.2283260127995,0.279716730479897,0.573539030361921,0.009013029925497
24c06cfe0830cc2862f3a9edb3a2414e,0.1241062839129,0.11554101144732,0.728865051674658,0.472795866232365,0.000290360379212,0.000270003781361,0.007721432600069,0.010489738542819,0.009610632027639,0.025183979315497,0.014690680703381,0.126801969894766,0.275743371251597,0.175877099875128,0.179726424403023,0.149321512590395,0.126398742192191,0.011699631243357,0.769841237884825,-0.065678380749598,-0.48005669897561,-0.587394787136613,-0.30323708805414,0.9955463201739,2.16422118365298,0.282521792584658,0.582833155339584,0.008935759871201
6e02800da618e6e7b3732acaa967edfb,0.109946180478483,0.114538000533124,0.72903476500651,0.471542211011052,0.000292210057496,0.000269473211338,0.007583416155815,0.010508850444061,0.00952193410662,0.023941946430598,0.014976380776381,0.126235965054482,0.274972336727752,0.174568463989068,0.178568815951235,0.149945799441775,0.125103860896779,0.01179133158532,0.7813280679572,-0.083967491391096,-0.478926517050556,-0.56771340190295,-0.308834222069868,1.0555368221365,2.15733967309351,0.283938171807677,0.581783317361027,0.008860352597614
26c242c715c5a4bdd176ace63f5394ff,0.09853386745071,0.111753825731808,0.720229689900299,0.468723654508963,0.000294816953154,0.000271618837745,0.007527544114883,0.010468716894649,0.00956897366494,0.027944515961246,0.015005470774602,0.127233410142734,0.272280964178777,0.176133765883045,0.17935395118501,0.147290640987456,0.127739452213747,0.011797889273469,0.794929807991003,-0.072134153518304,-0.463163455315764,-0.560580694192517,-0.334057232111693,1.0591308056377,2.16020997480954,0.286211340391636,0.581822305159644,0.008821145568061
7dc5d2bb1e392d02936e36b87397ca91,0.109885163789894,0.113515881234314,0.721315230468755,0.465158921638131,0.000294886582509,0.000271706785433,0.006666153160182,0.010453069247538,0.009395795074571,0.030046275922656,0.014039545725799,0.127889703117869,0.277517107559739,0.176683122759918,0.177637988980627,0.146464268900221,0.125239225734257,0.011845867226799,0.815993978551765,-0.057995390853686,-0.454852686285731,-0.584799251745258,-0.322707462338191,1.07284133359791,2.17245215389411,0.287227515220643,0.579629260549322,0.008907284332593
868440ac8e39652b66390cfd7b2e039d,0.106049317406862,0.115177618175279,0.727278816720937,0.451405923752859,0.00029545799963,0.000276829925681,0.006569467111851,0.010382843717513,0.009362383480463,0.027564043829684,0.014148723810679,0.128733974865637,0.27922461542189,0.175065836007009,0.179535041806288,0.141973040526267,0.124284011364215,0.011964212631821,0.836111011162195,-0.093402806389527,-0.416585015741029,-0.604046221579732,-0.324859632422403,1.04750433624723,2.09079998650121,0.289666548912973,0.573686884099618,0.008916759429727
3c237bf61095b3b2c169cf9d4493b59d,0.16893176335059,0.11857578689768,0.734715522218031,0.472090299912542,0.000295055928457,0.000280720731737,0.005002961107264,0.0101921311412,0.009804238740914,0.02846685937047,0.012970219232841,0.130479119550064,0.28065139895901,0.17299148656847,0.180947003258858,0.141580800273688,0.124295100406277,0.012064815871618,0.910784028442762,-0.070423213484008,-0.327475092840214,-0.616768956689089,-0.371960648898874,1.16589452940972,1.90566395113709,0.289506384897233,0.588415189040825,0.009217106817509
61c7794ec90f2487130d821341198e32,0.240702104096207,0.10810421452811,0.719699750354048,0.54427495636344,0.000258726734103,0.000285642912031,0.00687458495049,0.009983330939803,0.010217764446745,0.019801528023021,0.013711601371877,0.131324435110762,0.33734395905137,0.142582558643073,0.173879301241366,0.138885851335246,0.126031790775014,0.010452385697416,0.784480897102067,0.025657418416562,-0.316887753902832,-0.547859833709886,-0.429658938248986,0.992275205487386,2.03622198444791,0.262060994322599,0.598163367053494,0.010196345001259
fa8a04bb86d797179b839ff04aeaced3,0.234778130595479,0.109171820491785,0.713586553416681,0.543649632388354,0.000257517844364,0.000283547382693,0.006903701815292,0.00992216907395,0.010268353402103,0.018127613309073,0.013042975296499,0.132552070153318,0.336537443626112,0.141438571158331,0.173810654041823,0.140089627201436,0.12471559284348,0.010419645548025,0.790804138269927,0.007558733315813,-0.316848586794315,-0.555969966936707,-0.428012315827002,0.98871566397138,2.02607195302844,0.260457166135312,0.599388063179329,0.010069373628376
1e3135d1920c5370ca7a97057df12ca2,0.253011728239618,0.106928132465807,0.707891409669537,0.544937070386484,0.000254836411501,0.000286395674012,0.007190200671844,0.010086524943728,0.010295458612265,0.018029797643121,0.013376767996466,0.131970431934855,0.34273984070979,0.140150424196152,0.177199829566059,0.138281901758862,0.125173436447279,0.010009033114403,0.81945103074979,0.013322820766401,-0.369398356107837,-0.567352373421136,-0.441071544851996,0.988436070038007,2.15440260693431,0.258299778851122,0.594131372569129,0.010093455695081
76f00aa707971b5b426c1d65f14d69d6,0.139558519987854,0.121078741533682,0.711650640470908,0.453565743382275,0.000297719004022,0.000262365902573,0.008181017597072,0.010987969497172,0.009923508289596,0.027785646391893,0.012085233054357,0.124630904588662,0.270864945322646,0.175829849298811,0.180111583628692,0.152251674466999,0.117314843654632,0.011087782283416,0.701355358855146,-0.156725772090387,-0.47620985374298,-0.501086517844553,-0.269079918540912,1.1043818017468,2.21309135442133,0.282733222281188,0.572200967600569,0.008636010791212
4de8a9fd47d6109b18ef797f46de823b,0.265673983617593,0.108219688621117,0.703993680982385,0.548790194600075,0.000248648197964,0.00028157700553,0.006121753338522,0.01034968920662,0.010788785513817,0.024015995400027,0.012745823599166,0.139009823260642,0.356446198684908,0.140202191066929,0.182564656852046,0.139056650203187,0.127815819113282,0.010368499056022,0.866623025202518,-0.041731710855597,-0.405161845931635,-0.591238166271066,-0.422289990615947,0.96872194511816,2.22343517178669,0.264330460880697,0.598308102753013,0.010414796737935
7a578764b029449e224ad4d3822a7dd5,0.101815785553492,0.117581524925306,0.722985429351685,0.462579403883219,0.000288620971582,0.000269965580472,0.007975570829035,0.010787674539769,0.009594051310513,0.02584372544461,0.013086997890147,0.126550447193346,0.276690938931516,0.176286714878399,0.176453806686914,0.148194188364083,0.120852414907887,0.011981954437583,0.766572808882919,-0.095419218657492,-0.445664872088778,-0.592896834784922,-0.357981771672853,0.967824595281866,2.31559168235398,0.276368320649118,0.575131665980444,0.008984536133366
7a10b1077d33f91e49f259dbcc6481d2,0.096046950608957,0.116778689500876,0.718113315065858,0.464551388207078,0.000288775777509,0.000270151530231,0.008037970358081,0.010702936386829,0.009675712198299,0.024305983416597,0.013307993251365,0.127413674855418,0.275509736484288,0.177034087121021,0.176918528541224,0.148279832129134,0.122169001418864,0.012018342866772,0.763840364046329,-0.084136668982068,-0.450677232473139,-0.603501347619043,-0.348569890811044,0.956890207948174,2.26929465099237,0.277840810877085,0.572606135571376,0.008925020813117
f54124be5e74f9993980ce28626ae2e0,0.279714160539954,0.107244514206424,0.714363251510077,0.550177655062824,0.000256591910989,0.000284552513114,0.007202012275453,0.010113656784221,0.010526382064354,0.021294786212431,0.013469249579823,0.13065812110044,0.346322654328122,0.138992312580813,0.175922436613589,0.139477439062902,0.123902995024109,0.010014248846253,0.832270600915533,0.002758005559193,-0.375373529767385,-0.569018154143448,-0.408479943116912,0.98595530409366,2.21064693310763,0.258648974617571,0.593273093935102,0.009913375461869
1f04862fb462ffc56555d63440beb8bc,0.279855232672579,0.106811206683749,0.719878361909651,0.549394679414853,0.000254385150417,0.000286361119132,0.007264691036765,0.010035568615701,0.01040477020489,0.019848661992187,0.013940175228753,0.131414878131449,0.346074593635834,0.140318396311952,0.177629267757758,0.138792344624875,0.126061568647622,0.009917095856397,0.819365319237225,0.004652619033717,-0.384575004433897,-0.560248682446042,-0.411603774404078,0.990897982241587,2.19001380335539,0.259217933788896,0.588073357300833,0.010024604135029
61b3e88cd4082610936552ea5502c01a,0.285511101676337,0.108247656775173,0.716507152714767,0.552773537002876,0.000255630014387,0.000284879110006,0.007166001515122,0.010137770728301,0.010521094223996,0.019066235304904,0.013114017199027,0.129733791403845,0.344472122911549,0.138656993443612,0.177210450429236,0.137630682054674,0.126495193792739,0.009965252994071,0.84014793526249,-0.000772283967901,-0.381037554969275,-0.540811946876384,-0.406537241384312,1.05775177692995,2.16190755043644,0.259247211282701,0.589662995349616,0.010029979704511
31ff06223c1452dde30581733065a500,0.283767098523583,0.108611067247577,0.713212874371093,0.554906298691779,0.000254591778203,0.000287641819659,0.007049435668547,0.010060910593159,0.010392075081589,0.018383661010745,0.013590527674882,0.131107880288921,0.344558448923565,0.140974890456535,0.17862870033551,0.138010559296934,0.125257046622224,0.0099868496361,0.824592081912439,0.010448987664823,-0.365598719420442,-0.575713475213013,-0.424661152108646,0.982793321367354,2.18312702516559,0.259148790019751,0.592353516696021,0.009934462757217
62008c3754f3aa522a0eab3af83aaec0,0.277841113908402,0.107613735731458,0.719088665144519,0.554233862252906,0.000256155334868,0.000286939034696,0.007255118131533,0.0100866403013,0.010502900599129,0.01823214500323,0.013302321192576,0.131658461253345,0.345652851751632,0.140556214750046,0.178372376740211,0.139554732999531,0.12393284555315,0.01005995081326,0.820528185937218,0.024755215349235,-0.395437454472855,-0.537271256068199,-0.415216777323055,1.02557796896435,2.14817573302425,0.260661517898739,0.593766236329451,0.009922117523895
1e196956e0b1de8bbc24feb9c202cd15,0.268088520217593,0.106740809476934,0.719719954314642,0.549380175575614,0.00025713983023,0.000286785157199,0.007240413539442,0.010114995539561,0.010581011460395,0.020931793178572,0.01375338616292,0.130531920843944,0.345226401000842,0.13954078931734,0.178532949226675,0.137672229625284,0.124718744622077,0.009979084016103,0.801543479208229,0.033278954416523,-0.380875316747977,-0.537376880084155,-0.404581379555873,1.01181538058445,2.15439497646875,0.259967963537574,0.58778959437646,0.010056344492775
e2869b236e6f47aba56840dcee958fa0,0.261744660478457,0.107697085574269,0.716917692311109,0.549924032959714,0.000255561923187,0.00028584394127,0.007126576073412,0.010080461483588,0.010562168954173,0.019200725402707,0.013619587816531,0.130908546977862,0.344854896790161,0.140720040812623,0.176740345454774,0.139556242842227,0.124148530088132,0.009957080920697,0.814110333171291,0.026708316492839,-0.397318697238872,-0.559974066080013,-0.411115491640157,0.996550027094782,2.19939411873929,0.257842048256845,0.592976437667385,0.01002407018064
7821ea38d0c94f965f70fcdfb063af5b,0.291784980758372,0.108108409141889,0.720616110051051,0.549830549357831,0.000253951867818,0.000287321107717,0.007060654985914,0.010018788388744,0.01048591133533,0.018412398852199,0.013135697671911,0.129370063587278,0.344071661936491,0.140736458984902,0.177171372279757,0.137413530379999,0.12428122550738,0.010049597525769,0.837576128737098,0.010281248142394,-0.384072796755312,-0.573564073889432,-0.438692003799788,1.00480819544755,2.19691714029759,0.259098308326304,0.591716780602932,0.009921541766356
b49719f815337019adabe3351f039d24,0.292416060927696,0.107151473508915,0.721324438692537,0.550604671558737,0.000256246459715,0.000286627470885,0.007418812600342,0.010027652153606,0.01053286958891,0.020130112887337,0.013798643031857,0.131011940027773,0.34815025913231,0.139085204050411,0.176297084273304,0.139432460017968,0.126509286294225,0.010030281479573,0.805002017101524,0.014703420306724,-0.366955961134834,-0.538691933811977,-0.427593357017682,0.985006478754805,2.14172672594431,0.258294309666753,0.593133948279545,0.009918903894298
cfe52f7f91610740c6e010612b112fae,0.283298961064964,0.106652462571161,0.720511866933667,0.554593826187774,0.000254226679951,0.000286767766163,0.00723538500792,0.010124356480595,0.0103935786766,0.019495943942969,0.014069667115342,0.130114599997364,0.348820837570912,0.139076355771162,0.177455083797452,0.13972297971975,0.125411185106728,0.009984452112382,0.806391751800002,0.008896639090274,-0.371906099817865,-0.560381340673137,-0.411137257352666,0.9804410032928,2.21448960858397,0.25956563981846,0.590517937000841,0.009926213413928
9f07bf58477227b97e693be28a17bc7d,0.264455612176749,0.108129364237888,0.712937685421203,0.549430217181146,0.000256522431206,0.000286883223809,0.007095903134107,0.010147879465483,0.01041532182428,0.019178023705772,0.013275817680872,0.129554155785963,0.34532278208956,0.138296764087165,0.176468955498887,0.13908108309959,0.125495776167604,0.00986142938192,0.823539270654023,0.031883594479496,-0.377472001222624,-0.575037735963603,-0.42986741251476,0.982803836930544,2.14421966592781,0.258694255510718,0.587665862563998,0.009996897284458
06ebad57ac8e3d3b551cc3212253c2e6,0.270347328857704,0.107005562164122,0.712787556699478,0.554931490523368,0.000256389758673,0.00028722456071,0.007296939751011,0.010082165899407,0.010391161061264,0.020092596501275,0.013099088636693,0.130043716973066,0.345324440528824,0.139725866327761,0.177966864952351,0.13760185229755,0.125607494224328,0.010051968514575,0.802505740128737,0.02859703248703,-0.395871315163477,-0.544092991295177,-0.411978254063939,1.00925474809483,2.18353916294872,0.260019628868997,0.58755309794657,0.01003323048111
8042ed8e3fe3aa5505fd347cd7777481,0.267094813550077,0.107149047668092,0.71664125621086,0.5534360470891,0.000256625169573,0.000285129743064,0.007251907415863,0.009981943308469,0.010580752553185,0.018613746165694,0.013105024483754,0.131275222874619,0.344669139410741,0.140238014409551,0.176721780220977,0.137580615453655,0.125187333356356,0.009913197222417,0.839471094029769,0.017474636602952,-0.378243700811779,-0.553336407180586,-0.418887421617926,1.03187137935311,2.15784071632661,0.257825240825862,0.591642499249429,0.01005733970317
b6e0af7620767c45b3b451750fda9fdd,0.263036412790138,0.108574154291069,0.713106112931855,0.555090317712351,0.00025740523443,0.000284361142935,0.007377533017805,0.010070015352638,0.010398357545305,0.020856765325298,0.013509916331387,0.129991062270291,0.344761209263279,0.139220718216384,0.1777633074373,0.137604570603929,0.125416713664075,0.010017673945255,0.824207590879854,0.026938990591681,-0.387963376331292,-0.54828319299071,-0.409542051216875,1.01510494421236,2.20842399559915,0.259052703686059,0.588484712310136,0.009989107424989
