unique_id,rmortTB,fchild,fadult,felderly,vchild,vadult,velderly,rchild,radult,relderly,pchild,padult,pelderly,ds_n,dr_n,dr_nelderly,ds_nelderly,omega,CDRscale,CDRscaleE,uiscaleC,uiscaleA,uiscaleE,DS_neta,DR_neta,x,e,xi
4de8a9fd47d6109b18ef797f46de823b,0.265673983617593,0.108219688621117,0.703993680982385,0.548790194600075,0.000248648197964,0.00028157700553,0.006121753338522,0.01034968920662,0.010788785513817,0.024015995400027,0.012745823599166,0.139009823260642,0.356446198684908,0.140202191066929,0.182564656852046,0.139056650203187,0.127815819113282,0.010368499056022,0.866623025202518,-0.041731710855597,-0.405161845931635,-0.591238166271066,-0.422289990615947,0.96872194511816,2.22343517178669,0.264330460880697,0.598308102753013,0.010414796737935
1e3135d1920c5370ca7a97057df12ca2,0.253011728239618,0.106928132465807,0.707891409669537,0.544937070386484,0.000254836411501,0.000286395674012,0.007190200671844,0.010086524943728,0.010295458612265,0.018029797643121,0.013376767996466,0.131970431934855,0.34273984070979,0.140150424196152,0.177199829566059,0.138281901758862,0.125173436447279,0.010009033114403,0.81945103074979,0.013322820766401,-0.369398356107837,-0.567352373421136,-0.441071544851996,0.988436070038007,2.15440260693431,0.258299778851122,0.594131372569129,0.010093455695081
fa8a04bb86d797179b839ff04aeaced3,0.234778130595479,0.109171820491785,0.713586553416681,0.543649632388354,0.000257517844364,0.000283547382693,0.006903701815292,0.00992216907395,0.010268353402103,0.018127613309073,0.013042975296499,0.132552070153318,0.336537443626112,0.141438571158331,0.173810654041823,0.140089627201436,0.12471559284348,0.010419645548025,0.790804138269927,0.007558733315813,-0.316848586794315,-0.555969966936707,-0.428012315827002,0.98871566397138,2.02607195302844,0.260457166135312,0.599388063179329,0.010069373628376
61c7794ec90f2487130d821341198e32,0.240702104096207,0.10810421452811,0.719699750354048,0.54427495636344,0.000258726734103,0.000285642912031,0.00687458495049,0.009983330939803,0.010217764446745,0.019801528023021,0.013711601371877,0.131324435110762,0.33734395905137,0.142582558643073,0.173879301241366,0.138885851335246,0.126031790775014,0.010452385697416,0.784480897102067,0.025657418416562,-0.316887753902832,-0.547859833709886,-0.429658938248986,0.992275205487386,2.03622198444791,0.262060994322599,0.598163367053494,0.010196345001259
3c237bf61095b3b2c169cf9d4493b59d,0.16893176335059,0.11857578689768,0.734715522218031,0.472090299912542,0.000295055928457,0.000280720731737,0.005002961107264,0.0101921311412,0.009804238740914,0.02846685937047,0.012970219232841,0.130479119550064,0.28065139895901,0.17299148656847,0.180947003258858,0.141580800273688,0.124295100406277,0.012064815871618,0.910784028442762,-0.070423213484008,-0.327475092840214,-0.616768956689089,-0.371960648898874,1.16589452940972,1.90566395113709,0.289506384897233,0.588415189040825,0.009217106817509
868440ac8e39652b66390cfd7b2e039d,0.106049317406862,0.115177618175279,0.727278816720937,0.451405923752859,0.00029545799963,0.000276829925681,0.006569467111851,0.010382843717513,0.009362383480463,0.027564043829684,0.014148723810679,0.128733974865637,0.27922461542189,0.175065836007009,0.179535041806288,0.141973040526267,0.124284011364215,0.011964212631821,0.836111011162195,-0.093402806389527,-0.416585015741029,-0.604046221579732,-0.324859632422403,1.04750433624723,2.09079998650121,0.289666548912973,0.573686884099618,0.008916759429727
7dc5d2bb1e392d02936e36b87397ca91,0.109885163789894,0.113515881234314,0.721315230468755,0.465158921638131,0.000294886582509,0.000271706785433,0.006666153160182,0.010453069247538,0.009395795074571,0.030046275922656,0.014039545725799,0.127889703117869,0.277517107559739,0.176683122759918,0.177637988980627,0.146464268900221,0.125239225734257,0.011845867226799,0.815993978551765,-0.057995390853686,-0.454852686285731,-0.584799251745258,-0.322707462338191,1.07284133359791,2.17245215389411,0.287227515220643,0.579629260549322,0.008907284332593
26c242c715c5a4bdd176ace63f5394ff,0.09853386745071,0.111753825731808,0.720229689900299,0.468723654508963,0.000294816953154,0.000271618837745,0.007527544114883,0.010468716894649,0.00956897366494,0.027944515961246,0.015005470774602,0.127233410142734,0.272280964178777,0.176133765883045,0.17935395118501,0.147290640987456,0.127739452213747,0.011797889273469,0.794929807991003,-0.072134153518304,-0.463163455315764,-0.560580694192517,-0.334057232111693,1.0591308056377,2.16020997480954,0.286211340391636,0.581822305159644,0.008821145568061
6e02800da618e6e7b3732acaa967edfb,0.109946180478483,0.114538000533124,0.72903476500651,0.471542211011052,0.000292210057496,0.000269473211338,0.007583416155815,0.010508850444061,0.00952193410662,0.023941946430598,0.014976380776381,0.126235965054482,0.274972336727752,0.174568463989068,0.178568815951235,0.149945799441775,0.125103860896779,0.01179133158532,0.7813280679572,-0.083967491391096,-0.478926517050556,-0.56771340190295,-0.308834222069868,1.0555368221365,2.15733967309351,0.283938171807677,0.581783317361027,0.008860352597614
24c06cfe0830cc2862f3a9edb3a2414e,0.1241062839129,0.11554101144732,0.728865051674658,0.472795866232365,0.000290360379212,0.000270003781361,0.007721432600069,0.010489738542819,0.009610632027639,0.025183979315497,0.014690680703381,0.126801969894766,0.275743371251597,0.175877099875128,0.179726424403023,0.149321512590395,0.126398742192191,0.011699631243357,0.769841237884825,-0.065678380749598,-0.48005669897561,-0.587394787136613,-0.30323708805414,0.9955463201739,2.16422118365298,0.282521792584658,0.582833155339584,0.008935759871201
a26d21120cc6505db9998a1b1303983e,0.133821491655148,0.115615530517883,0.725716732598376,0.465144389956444,0.000287093354468,0.000269241320535,0.007873735224269,0.010539161149133,0.009565021147067,0.023192508820538,0.013849125684705,0.126262325127422,0.274101173376291,0.176140516683227,0.178909690224798,0.149229806346353,0.126230628688353,0.011944430620004,0.783981095071015,-0.079031692549316,-0.503295416916479,-0.593761776315271,-0.333704410359907,1.00633485801519,2.2283260127995,0.279716730479897,0.573539030361921,0.009013029925497
8fa63552d6bc72cdee1ded9b58879844,0.129418288506567,0.11750138297514,0.722667903723196,0.467253633143008,0.000287674379542,0.000268993505388,0.00759755246409,0.010557161349198,0.009585417139856,0.023547895030352,0.013725330872461,0.126162195788323,0.274063965086638,0.177071931351675,0.177034406579099,0.14873988126032,0.124711451386334,0.012068003378511,0.77878903006291,-0.075506522090714,-0.486500987441289,-0.606381304304636,-0.338942893443537,0.985881684115168,2.23244767189025,0.277828481341899,0.572939814595506,0.008934533878388
7a10b1077d33f91e49f259dbcc6481d2,0.096046950608957,0.116778689500876,0.718113315065858,0.464551388207078,0.000288775777509,0.000270151530231,0.008037970358081,0.010702936386829,0.009675712198299,0.024305983416597,0.013307993251365,0.127413674855418,0.275509736484288,0.177034087121021,0.176918528541224,0.148279832129134,0.122169001418864,0.012018342866772,0.763840364046329,-0.084136668982068,-0.450677232473139,-0.603501347619043,-0.348569890811044,0.956890207948174,2.26929465099237,0.277840810877085,0.572606135571376,0.008925020813117
7a578764b029449e224ad4d3822a7dd5,0.101815785553492,0.117581524925306,0.722985429351685,0.462579403883219,0.000288620971582,0.000269965580472,0.007975570829035,0.010787674539769,0.009594051310513,0.02584372544461,0.013086997890147,0.126550447193346,0.276690938931516,0.176286714878399,0.176453806686914,0.148194188364083,0.120852414907887,0.011981954437583,0.766572808882919,-0.095419218657492,-0.445664872088778,-0.592896834784922,-0.357981771672853,0.967824595281866,2.31559168235398,0.276368320649118,0.575131665980444,0.008984536133366
76f00aa707971b5b426c1d65f14d69d6,0.139558519987854,0.121078741533682,0.711650640470908,0.453565743382275,0.000297719004022,0.000262365902573,0.008181017597072,0.010987969497172,0.009923508289596,0.027785646391893,0.012085233054357,0.124630904588662,0.270864945322646,0.175829849298811,0.180111583628692,0.152251674466999,0.117314843654632,0.011087782283416,0.701355358855146,-0.156725772090387,-0.47620985374298,-0.501086517844553,-0.269079918540912,1.1043818017468,2.21309135442133,0.282733222281188,0.572200967600569,0.008636010791212
0fa63be582983ffa0bd27fcd8fae0817,0.32596728477627,0.11036298301653,0.707550188635942,0.550607840783894,0.000252183322745,0.000283521888501,0.007273685126543,0.01044570168769,0.010572681374848,0.02294286623979,0.012724597000052,0.137913047263212,0.355637986132502,0.138531809577253,0.18032776172366,0.137344032647088,0.128795918977353,0.01031428728106,0.87692298731829,-0.012923979462879,-0.453707245264957,-0.598096407743403,-0.435745383315654,0.943232506746427,2.10785635923966,0.26590875203684,0.611275119926781,0.010663658021162
f215eb6e6437acd4e81587b024084cdc,0.27378536476437,0.106748919142876,0.698973583546467,0.547362664696574,0.000246826269302,0.000281727734873,0.006325733325311,0.01025849348586,0.010791016842285,0.022853282917245,0.013263736591209,0.138668378715217,0.359403297810256,0.14002098420891,0.181878440193133,0.138942969177384,0.125727003512205,0.010256437328905,0.887880135463094,-0.033824796114368,-0.431203268451216,-0.58937265539769,-0.449772066184105,1.001228938438,2.16803647598717,0.262672275124491,0.603044163115323,0.010551345160268
20b234e90035c9ebce1ac4780a11e090,0.215651838991139,0.107825402264949,0.704488556873985,0.550052862051502,0.000247984258661,0.000282445692888,0.00657240494363,0.010386931406473,0.01106008422589,0.025028133302508,0.01300426980434,0.140848867359198,0.352741109649278,0.143806196723832,0.183013942342019,0.136987121922895,0.127509843454463,0.010512480156403,0.866854878935124,0.000373750047041,-0.431882937850049,-0.609017153697805,-0.404238160288464,0.942095322627575,2.17721455600112,0.260736190389097,0.605715746672824,0.010441229316601
4c5b1edb88042da46880bec600f84d9b,0.209337009205017,0.108279346681433,0.708827718284447,0.548368292323872,0.000249732330547,0.000283505762369,0.006314155991018,0.010312199225556,0.011058997522341,0.023616670489498,0.013228069583886,0.140866423107311,0.352978598990477,0.143447542233393,0.18152824616665,0.138345719595672,0.12831423710403,0.010555012627603,0.87085693921904,0.000433766544331,-0.430663926885333,-0.623879023067895,-0.415038553863577,0.916047866037116,2.20114245850127,0.259826026652009,0.609470113825053,0.01042499782389
efc2124b64192226e2e681bdbc636ee5,0.202050263981335,0.107474439514568,0.710306831493508,0.553877980570495,0.000248413377585,0.000285284492599,0.006336829089599,0.010292298526875,0.010984170591878,0.022383192522684,0.012928109338042,0.140147211164794,0.35577846619971,0.143747122145957,0.182168955032714,0.137803960588527,0.12855879708589,0.010447402354549,0.860176554187825,0.009320706594223,-0.414489778158311,-0.611401792438114,-0.423304853280661,0.936299124732614,2.2213029124774,0.25885038523525,0.609905334025622,0.010461762985233
67e29d6b286a3419d87f3a8bca63f32c,0.166990780488588,0.106978867297992,0.721404175509233,0.552114898151159,0.000252717806721,0.000284287493522,0.006359897622209,0.010241782413656,0.011003355607158,0.024309037751868,0.012926445083926,0.139115115991234,0.351799154244735,0.143899849371519,0.181184166239109,0.13729029485071,0.131330519025679,0.01035466187621,0.864542292661322,-0.022618413979439,-0.374194239047393,-0.608594005978647,-0.418205206789579,0.943836390739308,2.23117812557611,0.258429651926458,0.615198584379628,0.010435892545944
dd45c99d42f4dd96a0701972fc82a7a1,0.169004488589801,0.10848924658983,0.722592129358091,0.5586436589282,0.000252325792604,0.000281850658338,0.006112607768052,0.01008408679408,0.010863273322443,0.024417181949551,0.01226280064811,0.138870453015342,0.349276131031662,0.144439512985293,0.179608645665925,0.137711999279679,0.130348539927043,0.010410670692963,0.845212238190248,-0.036869505971158,-0.392700555388145,-0.608152259952351,-0.4328235682532,0.890685426583515,2.19223663955926,0.258535799165816,0.615232518104836,0.010534287169073
186a594676e139f290a4c995a50c7820,0.180969715217315,0.106978118180064,0.722680637894664,0.544367354853079,0.000251478722173,0.000281909609471,0.006687000089209,0.01002458856618,0.010817265681364,0.027228892859025,0.012082870179555,0.137219418763928,0.350149029153771,0.143920909792418,0.179936991814757,0.138066835389938,0.126428079400211,0.010600721355872,0.822726401493866,-0.045564014677713,-0.390234068687288,-0.612193946762681,-0.41887838763982,0.857467711390928,2.18285537036135,0.260984254251421,0.611625244107098,0.010370038789068
44bbaa03b7fdd663523ea1e4f52a87e7,0.230701269843802,0.104981455667177,0.728675417727791,0.543457308529317,0.000254311974199,0.000281868326119,0.006725197419633,0.0100568614644,0.010602954322519,0.019819298983692,0.012705831360538,0.132901082434691,0.3479806094978,0.140325900161872,0.17874719516444,0.140527152100345,0.124906830077059,0.010368137915391,0.829194478268204,-0.009362151747113,-0.356497116523627,-0.649028246598606,-0.386483520149448,0.860684988694266,2.11947686527855,0.262620451679826,0.603938716670498,0.010222639515479
a5683b07fac196272addf0a49cad9581,0.278687871223781,0.104653123307973,0.727970690808725,0.551402389491722,0.00025718506246,0.000279702712871,0.007144327722111,0.010168132698396,0.010669314045971,0.021693372198544,0.012637707337039,0.133293956021219,0.346268105534463,0.137168372902554,0.177268386473646,0.140176916864933,0.126183421904686,0.010093992799344,0.8198387877627,-0.003359747880203,-0.376547247667071,-0.586440874626114,-0.417285939732631,0.922139629721642,2.12732953866943,0.261620368930698,0.599670352440328,0.010186905538151
b0a51afd0698818e4863d4f1328f5d9e,0.249093731275387,0.105957376670558,0.72410150577547,0.558477384339646,0.00025426178212,0.000280642140896,0.007137778826626,0.010089580666134,0.010461977749178,0.021823515814497,0.012738214059733,0.133822499372996,0.34765074724853,0.135988755310886,0.177038881138665,0.137715377969667,0.12575017091236,0.009946904397202,0.823412107522348,-0.00841142032804,-0.361747064288333,-0.590757469833679,-0.418873571897484,0.912841489771382,2.23320713490247,0.261909007744492,0.592306755932048,0.01012695375896
4601aad6c40b2cf8b4c4efb72131f079,0.268893525897804,0.107214404944097,0.726517049698159,0.561072582644224,0.000254196064601,0.000284025235423,0.007213634325956,0.010050511602824,0.01055669250018,0.022224222667632,0.012818270920543,0.132461832226626,0.346306706314161,0.137252266810509,0.177094181101071,0.137825680687558,0.125708698385627,0.00997475218656,0.824686542694084,0.004084298469164,-0.362283677519085,-0.558355141442818,-0.44324226876134,0.964037975203247,2.19224911404308,0.25903371429965,0.593250971736387,0.010038900640122
7e64372844b0735726f007900657b149,0.277307300691213,0.108460704758763,0.722538556088694,0.557520200069621,0.000255473239559,0.000284851078951,0.006943219690445,0.01005743291704,0.010495404670015,0.022921625094442,0.013178795688087,0.131722531492449,0.34510417724084,0.13849474783009,0.17834353750525,0.138483564062044,0.125802186344983,0.009867671906748,0.826208865700755,-0.005219183726683,-0.370625945633445,-0.557844311856413,-0.43993269438791,0.989996102126316,2.17050768889021,0.258798591163755,0.595475724330172,0.010063559921728
19a17ed1fbbc4d9c385f4c80260f1215,0.282452123073768,0.108711171529954,0.72119699511677,0.556735589180514,0.000255639111465,0.000285925631077,0.007202369817291,0.010083741668099,0.010475463783695,0.021043683544104,0.013138284404995,0.131586395611241,0.344206484586372,0.138457797226962,0.177508027908625,0.137726296591572,0.125599114479497,0.0099475149462,0.808876115819905,-0.001656748511949,-0.379045808350314,-0.561720643951082,-0.436744715238315,0.962100370507688,2.20120359447319,0.258759070814402,0.593883759666234,0.010081079611704
11446851adcefb43ff8203368c1dd375,0.272648474719561,0.107321733518969,0.71654399169609,0.554414527172595,0.000255586975012,0.000286033314633,0.007443762512263,0.010066266361717,0.010485722868284,0.020114640180115,0.013597179827048,0.130469455838762,0.346304222240857,0.139621367556043,0.177304543226724,0.138275270948419,0.125014663329813,0.009958288435028,0.82112718715813,0.015577144283904,-0.378414586368492,-0.556841029185466,-0.424000580088123,0.99851723490283,2.16451441866811,0.259361134914309,0.59150339005515,0.009991363435266
